scenario_id,arm,edit_set,mode,replicate,design,load_factor,holes,areas,mowers,distinct_priorities,n_completion_facts,task_atom_bound,status,first_incumbent_s,proof_time_s,solve_time_s,ground_time_s,ground_rules,choices,conflicts,domain_choices,time_kept,time_total,mower_kept,mower_total,score_p1,score_p2,score_p3,score_avoid,score_min,plan_distance
scenario_0001,cold,freeze@0.3,t1,0,,0.7526,3,8,4,"[1, 2, 3]",2505,51,optimal,0.08774945899494924,0.5344324170146137,0.5344324170146137,0.11251762500614859,70133.0,51548.0,935.0,0.0,10,10,10,10,6,0,0,11,0,0.0
scenario_0001,cold,freeze@0.3,portfolio,0,,0.7526,3,8,4,"[1, 2, 3]",2505,51,optimal,0.07070591597585008,0.18556762498337775,0.18556762498337775,0.10010862501803786,70133.0,26599.0,640.0,0.0,2,10,2,10,6,0,0,11,0,0.7735849056603774
scenario_0001,cold,freeze@0.3,portfolio,1,,0.7526,3,8,4,"[1, 2, 3]",2505,51,optimal,0.06959199998527765,0.18930341699160635,0.18930341699160635,0.10479937499621883,70133.0,38847.0,1180.0,138.0,1,10,1,10,6,0,0,11,0,0.7818181818181819
scenario_0001,cold,freeze@0.3,portfolio,2,,0.7526,3,8,4,"[1, 2, 3]",2505,51,optimal,0.06748200001311488,0.16450095901382156,0.16450095901382156,0.10094712499994785,70133.0,26888.0,510.0,0.0,2,10,2,10,6,0,0,11,0,0.6296296296296297
scenario_0001,weak@top,freeze@0.3,t1,0,,0.7526,3,8,4,"[1, 2, 3]",2505,51,satisfiable,0.08332337500178255,,64.67194666701835,0.11422400001902133,77356.0,38788.0,521.0,0.0,7,10,6,10,18,0,5,6,2,0.8857142857142857
scenario_0001,weak@top,freeze@0.3,portfolio,0,,0.7526,3,8,4,"[1, 2, 3]",2505,51,optimal,0.08307587500894442,0.3034347500069998,0.3034347500069998,0.11660204202053137,77356.0,47187.0,2176.0,454.0,10,10,10,10,6,0,0,11,0,0.4583333333333333
scenario_0001,weak@top,freeze@0.3,portfolio,1,,0.7526,3,8,4,"[1, 2, 3]",2505,51,optimal,0.09888720899471082,0.3583173340011854,0.3583173340011854,0.10467441700166091,77356.0,71354.0,1953.0,49.0,10,10,10,10,6,0,0,11,0,0.4166666666666667
scenario_0001,weak@top,freeze@0.3,portfolio,2,,0.7526,3,8,4,"[1, 2, 3]",2505,51,optimal,0.08816275000572205,0.27699179100454785,0.27699179100454785,0.10223591601243243,77356.0,36834.0,1883.0,214.0,10,10,10,10,6,0,0,11,0,0.4583333333333333
scenario_0001,weak@tiebreak,freeze@0.3,t1,0,,0.7526,3,8,4,"[1, 2, 3]",2505,51,optimal,0.08232991700060666,3.405629167013103,3.405629167013103,0.10414162502274849,77356.0,141657.0,4603.0,0.0,10,10,10,10,6,0,0,11,0,0.375
scenario_0001,weak@tiebreak,freeze@0.3,portfolio,0,,0.7526,3,8,4,"[1, 2, 3]",2505,51,optimal,0.1158154159784317,1.0516258330026176,1.0516258330026176,0.10385345900431275,77356.0,150417.0,3237.0,0.0,10,10,10,10,6,0,0,11,0,0.5
scenario_0001,weak@tiebreak,freeze@0.3,portfolio,1,,0.7526,3,8,4,"[1, 2, 3]",2505,51,optimal,0.07147312499000691,0.18527324998285621,0.18527324998285621,0.10168262501247227,77356.0,34071.0,832.0,193.0,10,10,10,10,6,0,0,11,0,0.5
scenario_0001,weak@tiebreak,freeze@0.3,portfolio,2,,0.7526,3,8,4,"[1, 2, 3]",2505,51,optimal,0.06308495800476521,0.14893687498988584,0.14893687498988584,0.10217062500305474,77356.0,13744.0,183.0,0.0,10,10,10,10,6,0,0,11,0,0.4583333333333333
scenario_0001,weak-graded,freeze@0.3,t1,0,,0.7526,3,8,4,"[1, 2, 3]",2505,51,satisfiable,0.15380758402170613,,64.729957500007,0.13609516702126712,151166.0,198326.0,6950.0,0.0,3,10,2,10,18,3,3,11,9,1.0
scenario_0001,weak-graded,freeze@0.3,portfolio,0,,0.7526,3,8,4,"[1, 2, 3]",2505,51,optimal,0.1188920840213541,0.36825304201920517,0.36825304201920517,0.1397582919744309,151166.0,35051.0,1865.0,332.0,10,10,10,10,6,0,0,11,0,0.4166666666666667
scenario_0001,weak-graded,freeze@0.3,portfolio,1,,0.7526,3,8,4,"[1, 2, 3]",2505,51,optimal,0.10082970801158808,0.2094767079979647,0.2094767079979647,0.1360738749790471,151166.0,19259.0,995.0,0.0,10,10,10,10,6,0,0,11,0,0.5
scenario_0001,weak-graded,freeze@0.3,portfolio,2,,0.7526,3,8,4,"[1, 2, 3]",2505,51,optimal,0.08884808298898861,0.2806388750032056,0.2806388750032056,0.13370824998128228,151166.0,36631.0,2336.0,439.0,10,10,10,10,6,0,0,11,0,0.4583333333333333
scenario_0001,"heur[10,true]",freeze@0.3,t1,0,,0.7526,3,8,4,"[1, 2, 3]",2505,51,optimal,0.08133804201497696,1.0002339580096304,1.0002339580096304,0.10906229098327458,70297.0,90493.0,2555.0,2902.0,9,10,9,10,6,0,0,11,0,0.5416666666666666
scenario_0001,"heur[10,true]",freeze@0.3,portfolio,0,,0.7526,3,8,4,"[1, 2, 3]",2505,51,optimal,0.06418404201394878,0.1734824590093922,0.1734824590093922,0.10703662497689947,70297.0,26700.0,1018.0,1681.0,9,10,9,10,6,0,0,11,0,0.3333333333333333
scenario_0001,"heur[10,true]",freeze@0.3,portfolio,1,,0.7526,3,8,4,"[1, 2, 3]",2505,51,optimal,0.06535958297899924,0.1974564999982249,0.1974564999982249,0.09969295799965039,70297.0,27246.0,1013.0,1950.0,9,10,9,10,6,0,0,11,0,0.5416666666666666
scenario_0001,"heur[10,true]",freeze@0.3,portfolio,2,,0.7526,3,8,4,"[1, 2, 3]",2505,51,optimal,0.06417416699696332,0.19730749999871477,0.19730749999871477,0.10173279198352247,70297.0,28091.0,1247.0,1968.0,9,10,9,10,6,0,0,11,0,0.375
scenario_0001,"heur[1,true]",freeze@0.3,t1,0,,0.7526,3,8,4,"[1, 2, 3]",2505,51,optimal,0.08446066698525101,1.0354672500106972,1.0354672500106972,0.0989888749900274,70297.0,90493.0,2555.0,2902.0,9,10,9,10,6,0,0,11,0,0.5416666666666666
scenario_0001,"heur[1,true]",freeze@0.3,portfolio,0,,0.7526,3,8,4,"[1, 2, 3]",2505,51,optimal,0.06520625000121072,0.1889063339913264,0.1889063339913264,0.1006819159956649,70297.0,23797.0,1165.0,2055.0,9,10,9,10,6,0,0,11,0,0.5416666666666666
scenario_0001,"heur[1,true]",freeze@0.3,portfolio,1,,0.7526,3,8,4,"[1, 2, 3]",2505,51,optimal,0.06355408401577733,0.1976718750083819,0.1976718750083819,0.09924704200238921,70297.0,35301.0,1609.0,2309.0,9,10,9,10,6,0,0,11,0,0.4166666666666667
scenario_0001,"heur[1,true]",freeze@0.3,portfolio,2,,0.7526,3,8,4,"[1, 2, 3]",2505,51,optimal,0.06500391699955799,0.19809625000925735,0.19809625000925735,0.0997909999859985,70297.0,30586.0,1323.0,2168.0,9,10,9,10,6,0,0,11,0,0.3333333333333333
scenario_0001,heur-soft,freeze@0.3,t1,0,,0.7526,3,8,4,"[1, 2, 3]",2505,51,optimal,0.1113081660005264,0.6284878749866039,0.6284878749866039,0.09950341598596424,70441.0,54085.0,1011.0,939.0,3,10,3,10,6,0,0,11,0,0.7407407407407407
scenario_0001,heur-soft,freeze@0.3,portfolio,0,,0.7526,3,8,4,"[1, 2, 3]",2505,51,optimal,0.0710730419959873,0.1877463339769747,0.1877463339769747,0.10127808302058838,70441.0,43737.0,646.0,775.0,2,10,2,10,6,0,0,11,0,0.7407407407407407
scenario_0001,heur-soft,freeze@0.3,portfolio,1,,0.7526,3,8,4,"[1, 2, 3]",2505,51,optimal,0.068380624987185,0.15562029197462834,0.15562029197462834,0.10152887500589713,70441.0,41417.0,515.0,927.0,1,10,1,10,6,0,0,11,0,0.7777777777777778
scenario_0001,heur-soft,freeze@0.3,portfolio,2,,0.7526,3,8,4,"[1, 2, 3]",2505,51,optimal,0.06961870900704525,0.18517804201110266,0.18517804201110266,0.10569508298067376,70441.0,39697.0,667.0,540.0,1,10,1,10,6,0,0,11,0,0.7857142857142857
scenario_0006,cold,freeze@0.3,t1,0,,0.85,4,10,5,"[1, 2, 3]",4832,69,optimal,0.19095716701122,22.173972874996252,22.173972874996252,0.22292958298930898,150805.0,779216.0,77132.0,0.0,14,14,14,14,8,1,4,18,0,0.0
scenario_0006,cold,freeze@0.3,portfolio,0,,0.85,4,10,5,"[1, 2, 3]",4832,69,optimal,0.20351845800178126,1.3354642909835093,1.3354642909835093,0.21637191702029668,150805.0,129795.0,9299.0,0.0,5,14,5,14,8,1,4,18,0,0.8082191780821918
scenario_0006,cold,freeze@0.3,portfolio,1,,0.85,4,10,5,"[1, 2, 3]",4832,69,optimal,0.161592666991055,1.2179950419813395,1.2179950419813395,0.2159478749963455,150805.0,75329.0,6444.0,1150.0,1,14,1,14,8,1,4,18,0,0.92
scenario_0006,cold,freeze@0.3,portfolio,2,,0.85,4,10,5,"[1, 2, 3]",4832,69,optimal,0.14269912499003112,1.809953541989671,1.809953541989671,0.21700833301292732,150805.0,238180.0,12979.0,0.0,1,14,1,14,8,1,4,18,0,0.9473684210526315
scenario_0006,weak@top,freeze@0.3,t1,0,,0.85,4,10,5,"[1, 2, 3]",4832,69,optimal,0.18286954099312425,51.45666470800643,51.45666470800643,0.22126754201599397,162509.0,1665899.0,139081.0,0.0,14,14,14,14,8,1,4,18,0,0.5737704918032787
scenario_0006,weak@top,freeze@0.3,portfolio,0,,0.85,4,10,5,"[1, 2, 3]",4832,69,optimal,0.2925254580040928,11.34769850000157,11.34769850000157,0.22343291601282544,162509.0,845485.0,28154.0,0.0,14,14,14,14,8,1,4,18,0,0.4426229508196721
scenario_0006,weak@top,freeze@0.3,portfolio,1,,0.85,4,10,5,"[1, 2, 3]",4832,69,optimal,0.215223542007152,0.8914492090116255,0.8914492090116255,0.22817229200154543,162509.0,54543.0,4495.0,0.0,14,14,14,14,8,1,4,18,0,0.5483870967741935
scenario_0006,weak@top,freeze@0.3,portfolio,2,,0.85,4,10,5,"[1, 2, 3]",4832,69,optimal,0.21816124999895692,0.7486372500134166,0.7486372500134166,0.2200587910192553,162509.0,60932.0,2367.0,19.0,14,14,14,14,8,1,4,18,0,0.5161290322580645
scenario_0006,weak@tiebreak,freeze@0.3,t1,0,,0.85,4,10,5,"[1, 2, 3]",4832,69,satisfiable,0.18405270797666162,,63.27429987498908,0.22087095800088719,162509.0,666776.0,32331.0,0.0,2,14,1,14,9,1,10,26,5,0.974025974025974
scenario_0006,weak@tiebreak,freeze@0.3,portfolio,0,,0.85,4,10,5,"[1, 2, 3]",4832,69,optimal,0.23560579100740142,1.9575108750141226,1.9575108750141226,0.23692408399074338,162509.0,77267.0,7687.0,0.0,14,14,14,14,8,1,4,18,0,0.41935483870967744
scenario_0006,weak@tiebreak,freeze@0.3,portfolio,1,,0.85,4,10,5,"[1, 2, 3]",4832,69,optimal,0.19810412501101382,1.9600542080006562,1.9600542080006562,0.2225382089964114,162509.0,156762.0,12179.0,0.0,14,14,14,14,8,1,4,18,0,0.3870967741935484
scenario_0006,weak@tiebreak,freeze@0.3,portfolio,2,,0.85,4,10,5,"[1, 2, 3]",4832,69,optimal,0.18092545800027438,2.0380890409869608,2.0380890409869608,0.22132245797547512,162509.0,81056.0,9907.0,0.0,14,14,14,14,8,1,4,18,0,0.5483870967741935
scenario_0006,weak-graded,freeze@0.3,t1,0,,0.85,4,10,5,"[1, 2, 3]",4832,69,optimal,0.31098662500153296,44.9165438330092,44.9165438330092,0.27063600000110455,271596.0,1863093.0,111791.0,0.0,14,14,14,14,8,1,4,18,0,0.45161290322580644
scenario_0006,weak-graded,freeze@0.3,portfolio,0,,0.85,4,10,5,"[1, 2, 3]",4832,69,optimal,0.2968921250139829,1.2644858749990817,1.2644858749990817,0.2779366670001764,271596.0,141674.0,5983.0,0.0,14,14,14,14,8,1,4,18,0,0.5081967213114754
scenario_0006,weak-graded,freeze@0.3,portfolio,1,,0.85,4,10,5,"[1, 2, 3]",4832,69,optimal,0.3189146670047194,1.1900662090047263,1.1900662090047263,0.2696416249964386,271596.0,118150.0,4465.0,0.0,14,14,14,14,8,1,4,18,0,0.5483870967741935
scenario_0006,weak-graded,freeze@0.3,portfolio,2,,0.85,4,10,5,"[1, 2, 3]",4832,69,optimal,0.3073605000099633,0.9584026249940507,0.9584026249940507,0.27507899998454377,271596.0,85959.0,3627.0,0.0,14,14,14,14,8,1,4,18,0,0.5409836065573771
scenario_0006,"heur[10,true]",freeze@0.3,t1,0,,0.85,4,10,5,"[1, 2, 3]",4832,69,satisfiable,0.1770312919979915,,60.16181708400836,0.22204370799590833,151051.0,734860.0,207404.0,92332.0,14,14,14,14,8,2,12,18,0,0.5471698113207547
scenario_0006,"heur[10,true]",freeze@0.3,portfolio,0,,0.85,4,10,5,"[1, 2, 3]",4832,69,optimal,0.5909598750004079,120.86375124999904,120.86375124999904,0.2377419170225039,151051.0,270803.0,109721.0,135263.0,14,14,14,14,8,1,4,18,0,0.5409836065573771
scenario_0006,"heur[10,true]",freeze@0.3,portfolio,1,,0.85,4,10,5,"[1, 2, 3]",4832,69,unknown,,,132.98398354198434,0.32820141600677744,151051.0,19191.0,1608.0,5727.0,0,14,0,14,,,,,,
scenario_0006,"heur[10,true]",freeze@0.3,portfolio,2,,0.85,4,10,5,"[1, 2, 3]",4832,69,satisfiable,0.6376487080124207,,119.73673670800054,0.3030007079942152,151051.0,272290.0,110566.0,161292.0,14,14,14,14,8,1,4,20,7,0.5
scenario_0006,"heur[1,true]",freeze@0.3,t1,0,,0.85,4,10,5,"[1, 2, 3]",4832,69,satisfiable,0.3244167499942705,,60.304072458005976,0.30669716699048877,151051.0,725202.0,201974.0,91380.0,14,14,14,14,8,2,12,18,0,0.5471698113207547
scenario_0006,"heur[1,true]",freeze@0.3,portfolio,0,,0.85,4,10,5,"[1, 2, 3]",4832,69,satisfiable,0.7317949169955682,,99.12052087500342,0.25519783300114796,151051.0,269915.0,106768.0,132508.0,14,14,14,14,8,1,4,21,6,0.5625
scenario_0006,"heur[1,true]",freeze@0.3,portfolio,1,,0.85,4,10,5,"[1, 2, 3]",4832,69,unknown,,,136.51283083300223,0.3162999999767635,151051.0,18571.0,490.0,2692.0,0,14,0,14,,,,,,
scenario_0006,"heur[1,true]",freeze@0.3,portfolio,2,,0.85,4,10,5,"[1, 2, 3]",4832,69,satisfiable,0.3447000829910394,,88.42864041699795,0.29651366599136963,151051.0,253722.0,97800.0,139345.0,14,14,14,14,8,1,4,21,5,0.5692307692307692
scenario_0006,heur-soft,freeze@0.3,t1,0,,0.85,4,10,5,"[1, 2, 3]",4832,69,optimal,0.2622994160046801,16.09116433301824,16.09116433301824,0.292149667016929,151269.0,680370.0,50425.0,22123.0,1,14,1,14,8,1,4,18,0,0.922077922077922
scenario_0006,heur-soft,freeze@0.3,portfolio,0,,0.85,4,10,5,"[1, 2, 3]",4832,69,unknown,,,129.08503220797866,0.23847966702305712,151269.0,30147.0,145.0,1110.0,0,14,0,14,,,,,,
scenario_0006,heur-soft,freeze@0.3,portfolio,1,,0.85,4,10,5,"[1, 2, 3]",4832,69,unknown,,,105.45101575000444,0.3549140839895699,151269.0,22692.0,992.0,1710.0,0,14,0,14,,,,,,
scenario_0006,heur-soft,freeze@0.3,portfolio,2,,0.85,4,10,5,"[1, 2, 3]",4832,69,optimal,0.3367577920143958,2.6898331670090556,2.6898331670090556,0.3077576250070706,151269.0,73462.0,7688.0,4352.0,2,14,2,14,8,1,4,18,0,0.7866666666666666
scenario_0007,cold,freeze@0.3,t1,0,,0.8564,6,19,9,"[1, 2, 3]",7032,120,satisfiable,0.3195015829987824,,60.38493462500628,0.3789450000040233,209671.0,1177613.0,79186.0,0.0,22,22,22,22,12,8,11,27,8,0.0
scenario_0007,cold,freeze@0.3,portfolio,0,,0.8564,6,19,9,"[1, 2, 3]",7032,120,satisfiable,0.7192547080048826,,73.5232116660045,0.3683524160005618,209671.0,1658750.0,126306.0,0.0,2,22,2,22,9,7,19,30,6,0.8956521739130435
scenario_0007,cold,freeze@0.3,portfolio,1,,0.8564,6,19,9,"[1, 2, 3]",7032,120,satisfiable,0.7223275419964921,,70.79853420899599,0.4813805829908233,209671.0,2148511.0,169135.0,0.0,2,22,2,22,9,4,11,28,1,0.9344262295081968
scenario_0007,cold,freeze@0.3,portfolio,2,,0.8564,6,19,9,"[1, 2, 3]",7032,120,satisfiable,0.7616861249844078,,89.365156749991,0.35536241700174287,209671.0,2686243.0,152847.0,0.0,3,22,3,22,9,4,11,28,1,0.9349593495934959
scenario_0007,weak@top,freeze@0.3,t1,0,,0.8564,6,19,9,"[1, 2, 3]",7032,120,satisfiable,0.34395891599706374,,60.30321625000215,0.38829687499674037,229958.0,2453224.0,124756.0,0.0,20,22,19,22,18,6,15,26,6,0.8383838383838383
scenario_0007,weak@top,freeze@0.3,portfolio,0,,0.8564,6,19,9,"[1, 2, 3]",7032,120,optimal,0.43275720899691805,26.202877458999865,26.202877458999865,0.3275780839903746,229958.0,1160176.0,144560.0,0.0,22,22,22,22,12,5,12,26,4,0.7227722772277227
scenario_0007,weak@top,freeze@0.3,portfolio,1,,0.8564,6,19,9,"[1, 2, 3]",7032,120,optimal,0.3180301660031546,25.571134708006866,25.571134708006866,0.6137940830085427,229958.0,881362.0,149705.0,0.0,22,22,22,22,12,5,12,26,4,0.7029702970297029
scenario_0007,weak@top,freeze@0.3,portfolio,2,,0.8564,6,19,9,"[1, 2, 3]",7032,120,satisfiable,0.3564619999960996,,90.96227349998662,0.34142341700498946,229958.0,2773312.0,166334.0,0.0,22,22,22,22,12,5,12,26,4,0.7623762376237624
scenario_0007,weak@tiebreak,freeze@0.3,t1,0,,0.8564,6,19,9,"[1, 2, 3]",7032,120,satisfiable,0.35891220800112933,,62.48628062498756,0.44908870800281875,229958.0,508844.0,7368.0,0.0,7,22,7,22,21,7,13,27,14,0.9107142857142857
scenario_0007,weak@tiebreak,freeze@0.3,portfolio,0,,0.8564,6,19,9,"[1, 2, 3]",7032,120,satisfiable,0.750746582983993,,97.19748991698725,0.34321875000023283,229958.0,3004131.0,196332.0,0.0,3,22,3,22,9,5,17,30,14,0.8688524590163934
scenario_0007,weak@tiebreak,freeze@0.3,portfolio,1,,0.8564,6,19,9,"[1, 2, 3]",7032,120,satisfiable,0.7364500000257976,,94.52399816701654,0.41515425001853146,229958.0,2079437.0,139649.0,0.0,5,22,5,22,9,5,14,30,11,0.8512396694214877
scenario_0007,weak@tiebreak,freeze@0.3,portfolio,2,,0.8564,6,19,9,"[1, 2, 3]",7032,120,satisfiable,0.8265257500170264,,105.90284462500131,0.41901408301782794,229958.0,2281552.0,247663.0,0.0,3,22,3,22,9,5,21,38,12,0.9658119658119658
scenario_0007,weak-graded,freeze@0.3,t1,0,,0.8564,6,19,9,"[1, 2, 3]",7032,120,satisfiable,0.6112189580162521,,63.27647316700313,0.5670428329904098,425968.0,1113249.0,27331.0,0.0,7,22,4,22,24,14,20,33,29,0.9819819819819819
scenario_0007,weak-graded,freeze@0.3,portfolio,0,,0.8564,6,19,9,"[1, 2, 3]",7032,120,optimal,0.7426984579942655,29.487161457975162,29.487161457975162,0.4695607920002658,425968.0,206778.0,46254.0,0.0,22,22,22,22,12,5,12,26,4,0.7425742574257426
scenario_0007,weak-graded,freeze@0.3,portfolio,1,,0.8564,6,19,9,"[1, 2, 3]",7032,120,optimal,0.7056279160024133,38.903215458005434,38.903215458005434,0.6715252089779824,425968.0,1276565.0,102446.0,0.0,22,22,22,22,12,5,12,26,4,0.7029702970297029
scenario_0007,weak-graded,freeze@0.3,portfolio,2,,0.8564,6,19,9,"[1, 2, 3]",7032,120,optimal,0.6389052919985261,59.0829098749964,59.0829098749964,0.646611624979414,425968.0,281990.0,55023.0,0.0,22,22,22,22,12,5,12,26,4,0.7029702970297029
scenario_0007,"heur[10,true]",freeze@0.3,t1,0,,0.8564,6,19,9,"[1, 2, 3]",7032,120,satisfiable,0.46475958300288767,,61.671952208009316,0.505144750000909,210039.0,1156798.0,97457.0,36503.0,17,22,17,22,18,8,15,20,7,0.7634408602150538
scenario_0007,"heur[10,true]",freeze@0.3,portfolio,0,,0.8564,6,19,9,"[1, 2, 3]",7032,120,unknown,,,107.11452958302107,0.3336659999913536,210039.0,44650.0,3546.0,16097.0,0,22,0,22,,,,,,
scenario_0007,"heur[10,true]",freeze@0.3,portfolio,1,,0.8564,6,19,9,"[1, 2, 3]",7032,120,unknown,,,85.51201854099054,0.5378585419966839,210039.0,32823.0,879.0,4101.0,0,22,0,22,,,,,,
scenario_0007,"heur[10,true]",freeze@0.3,portfolio,2,,0.8564,6,19,9,"[1, 2, 3]",7032,120,unknown,,,143.03108708298532,0.5327399160014465,210039.0,29035.0,636.0,3276.0,0,22,0,22,,,,,,
scenario_0007,"heur[1,true]",freeze@0.3,t1,0,,0.8564,6,19,9,"[1, 2, 3]",7032,120,satisfiable,0.954448542004684,,61.210379791999,1.3992691669845954,210039.0,1156798.0,97457.0,36503.0,17,22,17,22,18,8,15,20,7,0.7634408602150538
scenario_0007,"heur[1,true]",freeze@0.3,portfolio,0,,0.8564,6,19,9,"[1, 2, 3]",7032,120,unknown,,,82.97369175002677,0.7792927920236252,210039.0,31177.0,977.0,4848.0,0,22,0,22,,,,,,
scenario_0007,"heur[1,true]",freeze@0.3,portfolio,1,,0.8564,6,19,9,"[1, 2, 3]",7032,120,unknown,,,133.769655082986,0.40088729199487716,210039.0,31390.0,707.0,2971.0,0,22,0,22,,,,,,
scenario_0007,"heur[1,true]",freeze@0.3,portfolio,2,,0.8564,6,19,9,"[1, 2, 3]",7032,120,satisfiable,1.2822767090110574,,72.90591158400639,0.9323832079826389,210039.0,203215.0,64469.0,121137.0,16,22,14,22,14,17,24,31,9,0.8863636363636364
scenario_0007,heur-soft,freeze@0.3,t1,0,,0.8564,6,19,9,"[1, 2, 3]",7032,120,satisfiable,0.7112222920113709,,64.56954620798933,0.9088503330131061,210363.0,214254.0,1295.0,1493.0,2,22,1,22,29,12,10,15,1,1.0
scenario_0007,heur-soft,freeze@0.3,portfolio,0,,0.8564,6,19,9,"[1, 2, 3]",7032,120,unknown,,,90.94949266701587,0.6796299160050694,210363.0,44554.0,1260.0,1022.0,0,22,0,22,,,,,,
scenario_0007,heur-soft,freeze@0.3,portfolio,1,,0.8564,6,19,9,"[1, 2, 3]",7032,120,satisfiable,1.6071075829968322,,80.88787437498104,0.7106340000173077,210363.0,165028.0,77874.0,7223.0,3,22,3,22,9,19,25,36,6,0.9789473684210527
scenario_0007,heur-soft,freeze@0.3,portfolio,2,,0.8564,6,19,9,"[1, 2, 3]",7032,120,unknown,,,98.55017258299631,0.589150250016246,210363.0,45186.0,1397.0,1149.0,0,22,0,22,,,,,,
scenario_0008,cold,freeze@0.3,t1,0,,1.2203,4,14,3,"[1, 2, 3]",3659,84,satisfiable,0.19276812500902452,,60.17612683400512,0.27975641598459333,105046.0,1778686.0,271113.0,0.0,14,14,14,14,1,3,24,27,7,0.0
scenario_0008,cold,freeze@0.3,portfolio,0,,1.2203,4,14,3,"[1, 2, 3]",3659,84,satisfiable,0.4188124579959549,,71.9939149999991,0.18782120899413712,105046.0,1024325.0,379974.0,0.0,0,14,0,14,1,1,23,25,1,0.9736842105263158
scenario_0008,cold,freeze@0.3,portfolio,1,,1.2203,4,14,3,"[1, 2, 3]",3659,84,satisfiable,0.43086024999502115,,98.48681224999018,0.20941108401166275,105046.0,1262855.0,197005.0,0.0,4,14,2,14,1,1,24,27,5,0.84
scenario_0008,cold,freeze@0.3,portfolio,2,,1.2203,4,14,3,"[1, 2, 3]",3659,84,satisfiable,0.6127785830176435,,68.24271550000412,0.2880181249929592,105046.0,1085153.0,267219.0,0.0,1,14,0,14,1,1,24,26,3,0.974025974025974
scenario_0008,weak@top,freeze@0.3,t1,0,,1.2203,4,14,3,"[1, 2, 3]",3659,84,satisfiable,0.24056820798432454,,60.217080332979094,0.2905870000249706,117465.0,1502725.0,120042.0,0.0,14,14,14,14,12,3,22,24,14,0.9032258064516129
scenario_0008,weak@top,freeze@0.3,portfolio,0,,1.2203,4,14,3,"[1, 2, 3]",3659,84,satisfiable,0.2699273749894928,,84.14240104099736,0.25819508399581537,117465.0,835757.0,151071.0,0.0,14,14,14,14,1,3,21,22,1,0.625
scenario_0008,weak@top,freeze@0.3,portfolio,1,,1.2203,4,14,3,"[1, 2, 3]",3659,84,satisfiable,0.23564975001499988,,68.47306554199895,0.2492465419927612,117465.0,277408.0,118924.0,638.0,14,14,14,14,1,3,23,25,7,0.5692307692307692
scenario_0008,weak@top,freeze@0.3,portfolio,2,,1.2203,4,14,3,"[1, 2, 3]",3659,84,satisfiable,0.29236912497435696,,78.94156829098938,0.21801691700238734,117465.0,272496.0,111889.0,0.0,14,14,14,14,1,3,25,23,4,0.6774193548387096
scenario_0008,weak@tiebreak,freeze@0.3,t1,0,,1.2203,4,14,3,"[1, 2, 3]",3659,84,satisfiable,0.22061862499685958,,60.20446149999043,0.30686345900176093,117465.0,1565360.0,173653.0,0.0,2,14,2,14,5,3,23,27,12,0.8933333333333333
scenario_0008,weak@tiebreak,freeze@0.3,portfolio,0,,1.2203,4,14,3,"[1, 2, 3]",3659,84,satisfiable,0.343447457998991,,96.77151083300123,0.1930672919843346,117465.0,506613.0,198847.0,0.0,1,14,1,14,1,1,28,26,3,0.8933333333333333
scenario_0008,weak@tiebreak,freeze@0.3,portfolio,1,,1.2203,4,14,3,"[1, 2, 3]",3659,84,satisfiable,0.7542083750013262,,76.46102670900291,0.3438187919964548,117465.0,729098.0,112722.0,0.0,3,14,2,14,1,1,24,25,0,0.863013698630137
scenario_0008,weak@tiebreak,freeze@0.3,portfolio,2,,1.2203,4,14,3,"[1, 2, 3]",3659,84,satisfiable,0.30568787502124906,,65.19305100000929,0.3395533750008326,117465.0,772987.0,198088.0,536.0,3,14,2,14,1,1,24,26,0,0.8904109589041096
scenario_0008,weak-graded,freeze@0.3,t1,0,,1.2203,4,14,3,"[1, 2, 3]",3659,84,satisfiable,0.3550204590137582,,60.33561445900705,0.34861045799334534,210857.0,1968532.0,196647.0,0.0,5,14,4,14,17,3,21,23,13,0.9722222222222222
scenario_0008,weak-graded,freeze@0.3,portfolio,0,,1.2203,4,14,3,"[1, 2, 3]",3659,84,satisfiable,0.27694558299845085,,80.34698704100447,0.29728695898666047,210857.0,872654.0,247365.0,0.0,14,14,14,14,1,3,21,21,1,0.6190476190476191
scenario_0008,weak-graded,freeze@0.3,portfolio,1,,1.2203,4,14,3,"[1, 2, 3]",3659,84,satisfiable,0.4998498750210274,,66.83614050000324,0.40251300000818446,210857.0,577934.0,171520.0,1527.0,14,14,14,14,1,3,21,20,3,0.625
scenario_0008,weak-graded,freeze@0.3,portfolio,2,,1.2203,4,14,3,"[1, 2, 3]",3659,84,satisfiable,0.37403245898894966,,68.1453314590035,0.32546970900148153,210857.0,670138.0,182990.0,959.0,14,14,14,14,1,3,21,21,3,0.625
scenario_0008,"heur[10,true]",freeze@0.3,t1,0,,1.2203,4,14,3,"[1, 2, 3]",3659,84,satisfiable,0.23498137498972937,,60.210496082989266,0.2637834589986596,105274.0,849562.0,159820.0,31060.0,12,14,12,14,11,3,17,14,8,0.8095238095238095
scenario_0008,"heur[10,true]",freeze@0.3,portfolio,0,,1.2203,4,14,3,"[1, 2, 3]",3659,84,satisfiable,0.6067922909860499,,85.1546526250022,0.2283737090183422,105274.0,291974.0,161981.0,94242.0,3,14,2,14,1,1,25,26,2,0.8666666666666667
scenario_0008,"heur[10,true]",freeze@0.3,portfolio,1,,1.2203,4,14,3,"[1, 2, 3]",3659,84,satisfiable,0.336151166993659,,87.48951529199257,0.29329699999652803,105274.0,291890.0,164275.0,92835.0,9,14,5,14,1,1,25,27,4,0.8055555555555556
scenario_0008,"heur[10,true]",freeze@0.3,portfolio,2,,1.2203,4,14,3,"[1, 2, 3]",3659,84,satisfiable,0.40782941598445177,,88.49634337500902,0.3424434580083471,105274.0,279133.0,159000.0,97564.0,10,14,6,14,1,1,27,28,4,0.7681159420289855
scenario_0008,"heur[1,true]",freeze@0.3,t1,0,,1.2203,4,14,3,"[1, 2, 3]",3659,84,satisfiable,0.24103170799207874,,60.227280833001714,0.28005641599884257,105274.0,1035473.0,234038.0,44826.0,12,14,12,14,11,3,17,14,8,0.8095238095238095
scenario_0008,"heur[1,true]",freeze@0.3,portfolio,0,,1.2203,4,14,3,"[1, 2, 3]",3659,84,satisfiable,0.3545336249808315,,91.93526999998721,0.18782054199255072,105274.0,289794.0,169166.0,91816.0,10,14,6,14,1,1,28,28,3,0.7058823529411765
scenario_0008,"heur[1,true]",freeze@0.3,portfolio,1,,1.2203,4,14,3,"[1, 2, 3]",3659,84,unknown,,,86.04190275000292,0.3792767080012709,105274.0,13318.0,534.0,1919.0,0,14,0,14,,,,,,
scenario_0008,"heur[1,true]",freeze@0.3,portfolio,2,,1.2203,4,14,3,"[1, 2, 3]",3659,84,satisfiable,0.2721534580050502,,70.81347045800067,0.2965062920120545,105274.0,283889.0,160140.0,94720.0,9,14,6,14,1,1,28,26,5,0.8260869565217391
scenario_0008,heur-soft,freeze@0.3,t1,0,,1.2203,4,14,3,"[1, 2, 3]",3659,84,satisfiable,0.2092286669940222,,60.19665854200139,0.2728659159911331,105474.0,1699778.0,258177.0,61537.0,2,14,2,14,2,3,26,30,8,0.7534246575342466
scenario_0008,heur-soft,freeze@0.3,portfolio,0,,1.2203,4,14,3,"[1, 2, 3]",3659,84,satisfiable,0.23072037499514408,,66.1235792080115,0.19410120797692798,105474.0,298031.0,140711.0,21017.0,3,14,2,14,1,1,26,28,3,0.8421052631578947
scenario_0008,heur-soft,freeze@0.3,portfolio,1,,1.2203,4,14,3,"[1, 2, 3]",3659,84,satisfiable,0.24749966600211337,,67.45718358299928,0.21494695800356567,105474.0,656065.0,213026.0,31561.0,2,14,2,14,1,1,24,27,5,0.8157894736842105
scenario_0008,heur-soft,freeze@0.3,portfolio,2,,1.2203,4,14,3,"[1, 2, 3]",3659,84,satisfiable,0.2311524999968242,,84.12131683301413,0.2572289170057047,105474.0,255197.0,117017.0,19819.0,1,14,0,14,1,1,30,27,5,0.7866666666666666
scenario_0010,cold,freeze@0.3,t1,0,,0.9959,4,13,3,"[1, 3]",4257,80,satisfiable,0.295872499991674,,60.270527582993964,0.44034812500467524,128778.0,1410032.0,148576.0,0.0,16,16,16,16,3,0,14,33,7,0.0
scenario_0010,cold,freeze@0.3,portfolio,0,,0.9959,4,13,3,"[1, 3]",4257,80,satisfiable,0.19504849999793805,,69.06165062499349,0.21628841699566692,128778.0,351748.0,119459.0,0.0,1,16,1,16,1,0,26,24,2,0.9459459459459459
scenario_0010,cold,freeze@0.3,portfolio,1,,0.9959,4,13,3,"[1, 3]",4257,80,satisfiable,0.3224349579832051,,67.99732229099027,0.3290927080088295,128778.0,355213.0,131433.0,0.0,0,16,0,16,1,0,28,28,0,0.9459459459459459
scenario_0010,cold,freeze@0.3,portfolio,2,,0.9959,4,13,3,"[1, 3]",4257,80,satisfiable,0.24060362498858012,,65.70219170799828,0.24050662500667386,128778.0,796072.0,204184.0,0.0,3,16,0,16,1,0,8,21,2,0.978021978021978
scenario_0010,weak@top,freeze@0.3,t1,0,,0.9959,4,13,3,"[1, 3]",4257,80,satisfiable,0.23983858298743144,,65.16578287500306,0.23367629200220108,140658.0,586893.0,25943.0,0.0,8,16,6,16,12,0,17,26,16,1.0
scenario_0010,weak@top,freeze@0.3,portfolio,0,,0.9959,4,13,3,"[1, 3]",4257,80,optimal,0.24621883299550973,28.89806358300848,28.89806358300848,0.22762679198058322,140658.0,705409.0,101686.0,468.0,16,16,16,16,2,0,12,25,6,0.7368421052631579
scenario_0010,weak@top,freeze@0.3,portfolio,1,,0.9959,4,13,3,"[1, 3]",4257,80,satisfiable,0.2163318750099279,,82.12437437500921,0.22414920799201354,140658.0,1383922.0,114458.0,455.0,16,16,16,16,2,0,12,27,5,0.6486486486486487
scenario_0010,weak@top,freeze@0.3,portfolio,2,,0.9959,4,13,3,"[1, 3]",4257,80,optimal,0.22723995900014415,29.240212375007104,29.240212375007104,0.3191146249882877,140658.0,192385.0,49329.0,0.0,16,16,16,16,2,0,12,25,6,0.6578947368421053
scenario_0010,weak@tiebreak,freeze@0.3,t1,0,,0.9959,4,13,3,"[1, 3]",4257,80,satisfiable,0.21424683299846947,,60.196133833000204,0.21727875000215136,140658.0,1457396.0,189412.0,0.0,2,16,0,16,1,0,14,28,11,0.9550561797752809
scenario_0010,weak@tiebreak,freeze@0.3,portfolio,0,,0.9959,4,13,3,"[1, 3]",4257,80,satisfiable,0.21420708298683167,,67.34960824999143,0.2340565409976989,140658.0,493370.0,164916.0,425.0,0,16,0,16,1,0,26,29,2,1.0
scenario_0010,weak@tiebreak,freeze@0.3,portfolio,1,,0.9959,4,13,3,"[1, 3]",4257,80,satisfiable,0.21555445800186135,,67.17507224998553,0.2434545409923885,140658.0,1094121.0,245764.0,0.0,3,16,0,16,1,0,8,21,3,0.9782608695652174
scenario_0010,weak@tiebreak,freeze@0.3,portfolio,2,,0.9959,4,13,3,"[1, 3]",4257,80,satisfiable,0.4039377919980325,,85.11513879199629,0.2149800829938613,140658.0,1623106.0,153100.0,0.0,1,16,0,16,1,0,16,25,9,0.9318181818181818
scenario_0010,weak-graded,freeze@0.3,t1,0,,0.9959,4,13,3,"[1, 3]",4257,80,satisfiable,0.3614675000135321,,60.34537700001965,0.41678587498608977,271615.0,2339462.0,144105.0,0.0,13,16,11,16,10,0,11,25,11,0.8987341772151899
scenario_0010,weak-graded,freeze@0.3,portfolio,0,,0.9959,4,13,3,"[1, 3]",4257,80,optimal,0.4934410830028355,30.821838875010144,30.821838875010144,0.2907148749800399,271615.0,674489.0,108472.0,0.0,16,16,16,16,2,0,12,25,6,0.7105263157894737
scenario_0010,weak-graded,freeze@0.3,portfolio,1,,0.9959,4,13,3,"[1, 3]",4257,80,optimal,0.2847564580151811,50.64211154100485,50.64211154100485,0.27414520899765193,271615.0,292038.0,62645.0,333.0,16,16,16,16,2,0,12,25,6,0.7567567567567568
scenario_0010,weak-graded,freeze@0.3,portfolio,2,,0.9959,4,13,3,"[1, 3]",4257,80,optimal,0.27117950000683777,31.4384874170064,31.4384874170064,0.30464979098178446,271615.0,531253.0,90165.0,0.0,16,16,16,16,2,0,12,25,6,0.76
scenario_0010,"heur[10,true]",freeze@0.3,t1,0,,0.9959,4,13,3,"[1, 3]",4257,80,satisfiable,0.18757187502342276,,60.383944458997576,0.21075933298561722,129066.0,1501781.0,140938.0,47093.0,12,16,12,16,5,0,14,26,8,0.7631578947368421
scenario_0010,"heur[10,true]",freeze@0.3,portfolio,0,,0.9959,4,13,3,"[1, 3]",4257,80,satisfiable,0.2170284169842489,,86.62729649999528,0.21738149999873713,129066.0,333450.0,174364.0,120677.0,12,16,11,16,1,0,25,31,9,0.7971014492753623
scenario_0010,"heur[10,true]",freeze@0.3,portfolio,1,,0.9959,4,13,3,"[1, 3]",4257,80,satisfiable,0.3382835420197807,,76.47435162501642,0.2928132909873966,129066.0,293130.0,153389.0,99542.0,11,16,10,16,1,0,23,31,11,0.7808219178082192
scenario_0010,"heur[10,true]",freeze@0.3,portfolio,2,,0.9959,4,13,3,"[1, 3]",4257,80,satisfiable,0.6356450830062386,,72.20428262499627,0.2903030829911586,129066.0,319404.0,162835.0,137758.0,12,16,10,16,1,0,24,31,9,0.8260869565217391
scenario_0010,"heur[1,true]",freeze@0.3,t1,0,,0.9959,4,13,3,"[1, 3]",4257,80,satisfiable,0.5414182500098832,,60.52730504202191,0.31073433300480247,129066.0,1182244.0,77580.0,32500.0,14,16,14,16,7,0,9,19,8,0.8974358974358975
scenario_0010,"heur[1,true]",freeze@0.3,portfolio,0,,0.9959,4,13,3,"[1, 3]",4257,80,satisfiable,0.3430455829948187,,75.08534708298976,0.21232474999851547,129066.0,286571.0,146772.0,98147.0,11,16,10,16,1,0,25,30,8,0.7714285714285715
scenario_0010,"heur[1,true]",freeze@0.3,portfolio,1,,0.9959,4,13,3,"[1, 3]",4257,80,satisfiable,0.3812935000169091,,73.04930562499794,0.32707095801015384,129066.0,315976.0,148168.0,96993.0,12,16,11,16,1,0,26,34,11,0.7714285714285715
scenario_0010,"heur[1,true]",freeze@0.3,portfolio,2,,0.9959,4,13,3,"[1, 3]",4257,80,satisfiable,0.33467466599540785,,78.90166412500548,0.2759732079866808,129066.0,310608.0,162190.0,117652.0,13,16,11,16,1,0,23,33,9,0.6857142857142857
scenario_0010,heur-soft,freeze@0.3,t1,0,,0.9959,4,13,3,"[1, 3]",4257,80,satisfiable,0.2449245830066502,,60.2299853329896,0.3155176249856595,129322.0,1588686.0,220393.0,45642.0,1,16,0,16,1,0,12,30,7,0.9565217391304348
scenario_0010,heur-soft,freeze@0.3,portfolio,0,,0.9959,4,13,3,"[1, 3]",4257,80,satisfiable,0.20866833298350684,,121.60843249998288,0.20041525000124238,129322.0,36263.0,220.0,888.0,0,16,0,16,28,0,24,4,1,1.0
scenario_0010,heur-soft,freeze@0.3,portfolio,1,,0.9959,4,13,3,"[1, 3]",4257,80,satisfiable,0.2958290000096895,,77.64004545900389,0.28267212500213645,129322.0,380018.0,173941.0,13091.0,0,16,0,16,1,0,16,28,11,0.9325842696629213
scenario_0010,heur-soft,freeze@0.3,portfolio,2,,0.9959,4,13,3,"[1, 3]",4257,80,satisfiable,0.2743111659947317,,74.2066660829878,0.3004397499898914,129322.0,380007.0,161428.0,13877.0,1,16,0,16,1,0,26,26,8,0.975
scenario_0012,cold,freeze@0.3,t1,0,,0.9087,6,24,11,"[1, 2, 3]",11807,144,satisfiable,0.6150742500030901,,63.04291787499096,0.6896033340017311,348802.0,1184433.0,15807.0,0.0,30,30,30,30,18,4,17,39,23,0.0
scenario_0012,cold,freeze@0.3,portfolio,0,,0.9087,6,24,11,"[1, 2, 3]",11807,144,satisfiable,0.7964997910021339,,84.98665525001707,0.5886572919844184,348802.0,4364954.0,210554.0,0.0,2,30,1,30,9,1,2,34,17,0.976878612716763
scenario_0012,cold,freeze@0.3,portfolio,1,,0.9087,6,24,11,"[1, 2, 3]",11807,144,satisfiable,0.7321536249946803,,72.98314224998467,0.7588868339953478,348802.0,2628557.0,147573.0,0.0,2,30,1,30,9,1,2,33,14,0.9770114942528736
scenario_0012,cold,freeze@0.3,portfolio,2,,0.9087,6,24,11,"[1, 2, 3]",11807,144,satisfiable,0.7533902499999385,,67.00298683301662,0.835118249990046,348802.0,2820497.0,164093.0,0.0,2,30,1,30,9,1,14,45,21,0.9882352941176471
scenario_0012,weak@top,freeze@0.3,t1,0,,0.9087,6,24,11,"[1, 2, 3]",11807,144,satisfiable,0.5179944999981672,,60.4664987080032,0.6162234579969663,370133.0,2179777.0,49369.0,0.0,16,30,12,30,25,7,24,37,47,0.9736842105263158
scenario_0012,weak@top,freeze@0.3,portfolio,0,,0.9087,6,24,11,"[1, 2, 3]",11807,144,satisfiable,1.2220401669910643,,79.30526224998175,0.5792867499985732,370133.0,2956994.0,212969.0,0.0,30,30,30,30,11,3,5,43,38,0.9870967741935484
scenario_0012,weak@top,freeze@0.3,portfolio,1,,0.9087,6,24,11,"[1, 2, 3]",11807,144,satisfiable,0.7580272920022253,,64.13043808401562,0.7838878750044387,370133.0,2950715.0,171344.0,633.0,30,30,30,30,11,3,5,43,32,0.935064935064935
scenario_0012,weak@top,freeze@0.3,portfolio,2,,0.9087,6,24,11,"[1, 2, 3]",11807,144,satisfiable,0.6722540000046138,,75.86875479199807,0.6981131249922328,370133.0,2852485.0,189994.0,0.0,30,30,30,30,11,3,5,40,35,0.9735099337748344
scenario_0012,weak@tiebreak,freeze@0.3,t1,0,,0.9087,6,24,11,"[1, 2, 3]",11807,144,satisfiable,0.5606764590193052,,60.509444374998566,0.7013648749853019,370133.0,1984246.0,40683.0,0.0,6,30,2,30,17,3,24,42,44,0.9760479041916168
scenario_0012,weak@tiebreak,freeze@0.3,portfolio,0,,0.9087,6,24,11,"[1, 2, 3]",11807,144,satisfiable,0.6949476670124568,,74.12111558401375,0.6061807920050342,370133.0,3488216.0,223692.0,0.0,0,30,0,30,9,1,14,42,21,0.9882352941176471
scenario_0012,weak@tiebreak,freeze@0.3,portfolio,1,,0.9087,6,24,11,"[1, 2, 3]",11807,144,satisfiable,0.6379414170223754,,65.82578125002328,0.671524249977665,370133.0,2733743.0,197464.0,828.0,1,30,1,30,9,1,13,38,18,0.9880239520958084
scenario_0012,weak@tiebreak,freeze@0.3,portfolio,2,,0.9087,6,24,11,"[1, 2, 3]",11807,144,satisfiable,0.6241265409917105,,66.99536045800778,0.5990904170030262,370133.0,3043132.0,182548.0,771.0,2,30,0,30,9,1,12,42,33,0.9890710382513661
scenario_0012,weak-graded,freeze@0.3,t1,0,,0.9087,6,24,11,"[1, 2, 3]",11807,144,satisfiable,0.7987610840064008,,60.71995154200704,0.7588742919906508,582930.0,3092920.0,97537.0,0.0,18,30,15,30,29,8,20,34,44,0.972972972972973
scenario_0012,weak-graded,freeze@0.3,portfolio,0,,0.9087,6,24,11,"[1, 2, 3]",11807,144,satisfiable,0.7772880000120495,,68.45073954199324,0.7070042089908384,582930.0,3930258.0,201317.0,22.0,30,30,30,30,11,3,5,32,36,0.9210526315789473
scenario_0012,weak-graded,freeze@0.3,portfolio,1,,0.9087,6,24,11,"[1, 2, 3]",11807,144,satisfiable,1.7402172090078238,,72.66414220901788,0.8373811249912251,582930.0,1885254.0,120499.0,0.0,30,30,30,30,11,3,5,46,41,0.9225806451612903
scenario_0012,weak-graded,freeze@0.3,portfolio,2,,0.9087,6,24,11,"[1, 2, 3]",11807,144,satisfiable,1.3405501249944791,,69.25102308299392,0.7839653329865541,582930.0,3423807.0,162907.0,0.0,30,30,30,30,11,3,5,32,16,0.9324324324324325
scenario_0012,"heur[10,true]",freeze@0.3,t1,0,,0.9087,6,24,11,"[1, 2, 3]",11807,144,satisfiable,0.5621802080131602,,60.51574425000581,0.5883789169893134,349214.0,2007936.0,49232.0,59114.0,25,30,24,30,23,5,22,34,19,0.9538461538461539
scenario_0012,"heur[10,true]",freeze@0.3,portfolio,0,,0.9087,6,24,11,"[1, 2, 3]",11807,144,unknown,,,116.56771445801132,0.5879154579888564,349214.0,39984.0,448.0,4843.0,0,30,0,30,,,,,,
scenario_0012,"heur[10,true]",freeze@0.3,portfolio,1,,0.9087,6,24,11,"[1, 2, 3]",11807,144,satisfiable,0.7473621249955613,,95.48044620800647,0.7951552910089958,349214.0,66736.0,1906.0,8365.0,18,30,16,30,11,10,43,45,10,1.0
scenario_0012,"heur[10,true]",freeze@0.3,portfolio,2,,0.9087,6,24,11,"[1, 2, 3]",11807,144,satisfiable,1.0216532080085017,,91.36795420799172,0.7260757919866592,349214.0,597782.0,90887.0,309275.0,26,30,19,30,9,1,17,48,29,0.9745222929936306
scenario_0012,"heur[1,true]",freeze@0.3,t1,0,,0.9087,6,24,11,"[1, 2, 3]",11807,144,satisfiable,0.5970860419911332,,82.19482649999554,0.7273271250014659,349214.0,1807872.0,35925.0,39616.0,21,30,21,30,23,5,30,32,28,0.9242424242424242
scenario_0012,"heur[1,true]",freeze@0.3,portfolio,0,,0.9087,6,24,11,"[1, 2, 3]",11807,144,satisfiable,0.7847482080105692,,97.60316391702509,0.5695555830025114,349214.0,672668.0,113350.0,355554.0,25,30,18,30,9,1,17,41,24,0.9483870967741935
scenario_0012,"heur[1,true]",freeze@0.3,portfolio,1,,0.9087,6,24,11,"[1, 2, 3]",11807,144,satisfiable,0.5494650829932652,,76.29507654201007,0.7218860419816338,349214.0,38292.0,179.0,3224.0,17,30,17,30,44,10,45,6,0,1.0
scenario_0012,"heur[1,true]",freeze@0.3,portfolio,2,,0.9087,6,24,11,"[1, 2, 3]",11807,144,satisfiable,0.9512993330135942,,89.05492791600409,0.6602508749929257,349214.0,608953.0,105311.0,258283.0,23,30,18,30,9,1,19,45,23,0.9738562091503268
scenario_0012,heur-soft,freeze@0.3,t1,0,,0.9087,6,24,11,"[1, 2, 3]",11807,144,satisfiable,0.5825191249896307,,60.52209029201185,0.8186249160207808,349566.0,1132715.0,15280.0,24334.0,1,30,0,30,16,3,21,41,12,0.9763313609467456
scenario_0012,heur-soft,freeze@0.3,portfolio,0,,0.9087,6,24,11,"[1, 2, 3]",11807,144,satisfiable,0.5783614589890931,,101.79115350000211,0.5717829999921378,349566.0,699416.0,165958.0,32864.0,4,30,1,30,9,1,2,42,19,0.9887640449438202
scenario_0012,heur-soft,freeze@0.3,portfolio,1,,0.9087,6,24,11,"[1, 2, 3]",11807,144,satisfiable,0.6343567500007339,,79.41712670802372,0.921016000007512,349566.0,665381.0,153382.0,29261.0,3,30,1,30,9,1,14,41,29,0.976878612716763
scenario_0012,heur-soft,freeze@0.3,portfolio,2,,0.9087,6,24,11,"[1, 2, 3]",11807,144,unknown,,,113.08181425000657,0.6778993749758229,349566.0,62654.0,245.0,2872.0,0,30,0,30,,,,,,
