scenario,seed_tag,area,requested_start,requested_mower,outcome,detail,n_kept_total,parent_optimal,n_kept_relevant,refute_status,refute_time_s,raw_core_size,min_core_size,min_steps,min_time_s,min_hit_budget,stability_repeats,stable,pruning_missed
balanced-four-hole,seed0,H1_FW,148,M4,blocked_statically,mower 'M4' already serving 'H4_SR3' at that hour,27,False,0,,,,,0,0.0,False,0,,False
balanced-four-hole,seed0,H1_FW,159,M4,blocked_statically,mower 'M4' already serving 'H4_SR3' at that hour,27,False,0,,,,,0,0.0,False,0,,False
balanced-four-hole,seed0,H1_SR1,23,M1,blocked_statically,mower 'M1' already serving 'H2_SR1' at that hour,27,False,0,,,,,0,0.0,False,0,,False
balanced-four-hole,seed0,H1_SR1,54,M1,blocked_statically,mower 'M1' already serving 'H2_SR1' at that hour,27,False,0,,,,,0,0.0,False,0,,False
balanced-four-hole,seed0,H2_FW,149,M2,not_determined,budget exhausted on the individual check,27,False,2,unknown,10.236800834012683,,,0,0.0,False,0,,False
balanced-four-hole,seed0,H2_FW,54,M1,blocked_statically,mower 'M1' already serving 'H2_SR1' at that hour,27,False,0,,,,,0,0.0,False,0,,False
balanced-four-hole,seed0,H3_FW,121,M2,blocked_statically,mower 'M2' already serving 'H1_SR2' at that hour,27,False,0,,,,,0,0.0,False,0,,False
balanced-four-hole,seed0,H3_FW,125,M4,blocked_statically,mower 'M4' already serving 'H4_SR2' at that hour,27,False,0,,,,,0,0.0,False,0,,False
balanced-four-hole,seed0,H3_FW,51,M2,not_determined,budget exhausted on the individual check,27,False,2,unknown,10.242471959005343,,,0,0.0,False,0,,False
balanced-four-hole,seed0,H3_FW,27,M5,blocked_statically,mower 'M5' already serving 'H4_FW' at that hour,27,False,0,,,,,0,0.0,False,0,,False
balanced-four-hole,seed0,H3_FW,134,M4,blocked_statically,mower 'M4' already serving 'H4_SR2' at that hour,27,False,0,,,,,0,0.0,False,0,,False
balanced-four-hole,seed0,H3_FW,152,M2,not_determined,budget exhausted on the individual check,27,False,2,unknown,10.510164042003453,,,0,0.0,False,0,,False
balanced-four-hole,seed0,H4_FW,157,M5,blocked_statically,overlaps this area's own kept task at hour 146,27,False,0,,,,,0,0.0,False,0,,False
balanced-four-hole,seed0,H4_FW,167,M1,not_determined,budget exhausted on the individual check,27,False,11,unknown,10.036775207991013,,,0,0.0,False,0,,False
balanced-four-hole,seed0,H4_FW,1,M1,blocked_statically,mower 'M1' already serving 'H4_SR1' at that hour,27,False,0,,,,,0,0.0,False,0,,False
balanced-four-hole,seed0,H4_SR3,95,M2,blocked_statically,mower 'M2' already serving 'H1_SR2' at that hour,27,False,0,,,,,0,0.0,False,0,,False
balanced-four-hole,seed1,H1_FW,54,M4,not_determined,budget exhausted on the individual check,28,False,4,unknown,10.23265445799916,,,0,0.0,False,0,,False
balanced-four-hole,seed1,H1_FW,0,M3,not_determined,budget exhausted on the individual check,28,False,9,unknown,10.042475750000449,,,0,0.0,False,0,,False
balanced-four-hole,seed1,H1_FW,1,M2,blocked_statically,mower 'M2' already serving 'H2_FW' at that hour,28,False,0,,,,,0,0.0,False,0,,False
balanced-four-hole,seed1,H1_FW,97,M2,blocked_statically,mower 'M2' already serving 'H2_FW' at that hour,28,False,0,,,,,0,0.0,False,0,,False
balanced-four-hole,seed1,H1_SR1,140,M5,blocked_statically,mower 'M5' already serving 'H1_SR2' at that hour,28,False,0,,,,,0,0.0,False,0,,False
balanced-four-hole,seed1,H2_FW,95,M1,blocked_statically,overlaps this area's own kept task at hour 98,28,False,0,,,,,0,0.0,False,0,,False
balanced-four-hole,seed1,H2_FW,51,M3,blocked_statically,mower 'M3' already serving 'H2_SR2' at that hour,28,False,0,,,,,0,0.0,False,0,,False
balanced-four-hole,seed1,H3_FW,37,M4,not_determined,budget exhausted on the individual check,28,False,3,unknown,10.04907199999434,,,0,0.0,False,0,,False
balanced-four-hole,seed1,H3_FW,74,M5,not_determined,budget exhausted on the individual check,28,False,6,unknown,10.02396716599469,,,0,0.0,False,0,,False
balanced-four-hole,seed1,H3_SR3,56,M3,blocked_statically,mower 'M3' already serving 'H1_SR1' at that hour,28,False,0,,,,,0,0.0,False,0,,False
balanced-four-hole,seed1,H4_SR3,31,M3,blocked_statically,mower 'M3' already serving 'H2_FW' at that hour,28,False,0,,,,,0,0.0,False,0,,False
balanced-four-hole,seed2,H1_FW,80,M3,not_determined,budget exhausted on the individual check,23,False,5,unknown,10.497164208994946,,,0,0.0,False,0,,False
balanced-four-hole,seed2,H1_FW,71,M3,not_determined,budget exhausted on the individual check,23,False,5,unknown,11.141002791991923,,,0,0.0,False,0,,False
balanced-four-hole,seed2,H1_FW,165,M2,blocked_statically,mower 'M2' already serving 'H1_FW' at that hour,23,False,0,,,,,0,0.0,False,0,,False
balanced-four-hole,seed2,H1_SR1,113,M1,blocked_statically,overlaps this area's own kept task at hour 112,23,False,0,,,,,0,0.0,False,0,,False
balanced-four-hole,seed2,H1_SR1,11,M1,blocked_statically,mower 'M1' already serving 'H2_SR2' at that hour,23,False,0,,,,,0,0.0,False,0,,False
balanced-four-hole,seed2,H2_FW,64,M2,blocked_statically,mower 'M2' already serving 'H3_FW' at that hour,23,False,0,,,,,0,0.0,False,0,,False
balanced-four-hole,seed2,H2_FW,146,M1,blocked_statically,mower 'M1' already serving 'H2_SR2' at that hour,23,False,0,,,,,0,0.0,False,0,,False
balanced-four-hole,seed2,H2_FW,151,M1,blocked_statically,mower 'M1' already serving 'H2_SR2' at that hour,23,False,0,,,,,0,0.0,False,0,,False
balanced-four-hole,seed2,H2_SR1,124,M3,blocked_statically,mower 'M3' already serving 'H1_SR1' at that hour,23,False,0,,,,,0,0.0,False,0,,False
balanced-four-hole,seed2,H2_SR1,101,M1,not_determined,budget exhausted on the individual check,23,False,5,unknown,11.36219566699583,,,0,0.0,False,0,,False
balanced-four-hole,seed2,H3_SR1,82,M3,not_determined,budget exhausted on the individual check,23,False,4,unknown,11.321592165972106,,,0,0.0,False,0,,False
balanced-four-hole,seed2,H3_SR3,124,M3,blocked_statically,mower 'M3' already serving 'H1_SR1' at that hour,23,False,0,,,,,0,0.0,False,0,,False
balanced-four-hole,seed2,H4_FW,104,M3,blocked_statically,overlaps this area's own kept task at hour 100,23,False,0,,,,,0,0.0,False,0,,False
balanced-four-hole,seed2,H4_FW,140,M3,not_determined,budget exhausted on the individual check,23,False,8,unknown,11.328895750019,,,0,0.0,False,0,,False
balanced-four-hole,seed2,H4_FW,75,M1,blocked_statically,mower 'M1' already serving 'H3_SR2' at that hour,23,False,0,,,,,0,0.0,False,0,,False
balanced-four-hole,seed2,H4_SR1,33,M2,blocked_statically,mower 'M2' already serving 'H3_FW' at that hour,23,False,0,,,,,0,0.0,False,0,,False
balanced-four-hole,seed2,H4_SR2,98,M3,blocked_statically,mower 'M3' already serving 'H4_SR3' at that hour,23,False,0,,,,,0,0.0,False,0,,False
balanced-four-hole,seed2,H4_SR3,162,M4,blocked_statically,mower 'M4' already serving 'H1_SR1' at that hour,23,False,0,,,,,0,0.0,False,0,,False
six-hole-course,seed0,H1_FW,71,M3,blocked_statically,mower 'M3' already serving 'H4_SR3' at that hour,38,False,0,,,,,0,0.0,False,0,,False
six-hole-course,seed0,H1_FW,23,M5,blocked_statically,overlaps this area's own kept task at hour 19,38,False,0,,,,,0,0.0,False,0,,False
six-hole-course,seed0,H2_FW,150,M3,blocked_statically,mower 'M3' already serving 'H3_SR2' at that hour,38,False,0,,,,,0,0.0,False,0,,False
six-hole-course,seed0,H2_FW,150,M3,blocked_statically,mower 'M3' already serving 'H3_SR2' at that hour,38,False,0,,,,,0,0.0,False,0,,False
six-hole-course,seed0,H2_SR1,95,M5,blocked_statically,mower 'M5' already serving 'H3_SR1' at that hour,38,False,0,,,,,0,0.0,False,0,,False
six-hole-course,seed0,H3_SR2,7,M3,not_determined,budget exhausted on the individual check,38,False,10,unknown,10.229118749994086,,,0,0.0,False,0,,False
six-hole-course,seed0,H4_FW,80,M5,blocked_statically,mower 'M5' already serving 'H3_SR2' at that hour,38,False,0,,,,,0,0.0,False,0,,False
six-hole-course,seed0,H4_FW,7,M3,not_determined,budget exhausted on the individual check,38,False,9,unknown,10.051247583993245,,,0,0.0,False,0,,False
six-hole-course,seed0,H4_FW,21,M5,blocked_statically,mower 'M5' already serving 'H3_SR3' at that hour,38,False,0,,,,,0,0.0,False,0,,False
six-hole-course,seed0,H4_FW,121,M5,not_determined,budget exhausted on the individual check,38,False,10,unknown,10.030869665992213,,,0,0.0,False,0,,False
six-hole-course,seed0,H4_SR1,150,M3,blocked_statically,mower 'M3' already serving 'H3_SR2' at that hour,38,False,0,,,,,0,0.0,False,0,,False
six-hole-course,seed0,H5_FW,147,M4,blocked_statically,mower 'M4' already serving 'H5_FW' at that hour,38,False,0,,,,,0,0.0,False,0,,False
six-hole-course,seed0,H5_FW,3,M4,blocked_statically,mower 'M4' already serving 'H6_FW' at that hour,38,False,0,,,,,0,0.0,False,0,,False
six-hole-course,seed0,H5_SR1,87,M2,blocked_statically,overlaps this area's own kept task at hour 89,38,False,0,,,,,0,0.0,False,0,,False
six-hole-course,seed0,H5_SR1,25,M4,not_determined,budget exhausted on the individual check,38,False,7,unknown,10.066604916995857,,,0,0.0,False,0,,False
six-hole-course,seed0,H5_SR3,111,M2,blocked_statically,mower 'M2' already serving 'H5_SR2' at that hour,38,False,0,,,,,0,0.0,False,0,,False
six-hole-course,seed0,H5_SR3,119,M4,not_determined,budget exhausted on the individual check,38,False,8,unknown,10.286977582989493,,,0,0.0,False,0,,False
six-hole-course,seed0,H6_FW,117,M2,blocked_statically,mower 'M2' already serving 'H5_SR2' at that hour,38,False,0,,,,,0,0.0,False,0,,False
six-hole-course,seed0,H6_FW,58,M4,blocked_statically,mower 'M4' already serving 'H5_FW' at that hour,38,False,0,,,,,0,0.0,False,0,,False
six-hole-course,seed0,H6_FW,39,M4,blocked_statically,mower 'M4' already serving 'H5_FW' at that hour,38,False,0,,,,,0,0.0,False,0,,False
six-hole-course,seed1,H2_FW,69,M3,not_determined,budget exhausted on the individual check,32,False,10,unknown,10.228005875018425,,,0,0.0,False,0,,False
six-hole-course,seed1,H2_FW,38,M3,blocked_statically,mower 'M3' already serving 'H3_FW' at that hour,32,False,0,,,,,0,0.0,False,0,,False
six-hole-course,seed1,H2_FW,5,M3,blocked_statically,mower 'M3' already serving 'H4_FW' at that hour,32,False,0,,,,,0,0.0,False,0,,False
six-hole-course,seed1,H2_SR1,25,M5,blocked_statically,mower 'M5' already serving 'H4_SR1' at that hour,32,False,0,,,,,0,0.0,False,0,,False
six-hole-course,seed1,H2_SR1,18,M5,not_determined,budget exhausted on the individual check,32,False,5,unknown,10.043852165981662,,,0,0.0,False,0,,False
six-hole-course,seed1,H3_FW,88,M3,blocked_statically,mower 'M3' already serving 'H3_SR2' at that hour,32,False,0,,,,,0,0.0,False,0,,False
six-hole-course,seed1,H3_FW,46,M3,not_determined,budget exhausted on the individual check,32,False,10,unknown,10.0358582920162,,,0,0.0,False,0,,False
six-hole-course,seed1,H3_FW,7,M3,blocked_statically,mower 'M3' already serving 'H4_FW' at that hour,32,False,0,,,,,0,0.0,False,0,,False
six-hole-course,seed1,H3_SR1,144,M1,not_determined,budget exhausted on the individual check,32,False,2,unknown,10.017320582992397,,,0,0.0,False,0,,False
six-hole-course,seed1,H3_SR1,125,M1,not_determined,budget exhausted on the individual check,32,False,2,unknown,10.022039249975933,,,0,0.0,False,0,,False
six-hole-course,seed1,H3_SR2,54,M5,not_determined,budget exhausted on the individual check,32,False,7,unknown,10.039021959004458,,,0,0.0,False,0,,False
six-hole-course,seed1,H3_SR3,163,M3,blocked_statically,mower 'M3' already serving 'H4_SR3' at that hour,32,False,0,,,,,0,0.0,False,0,,False
six-hole-course,seed1,H3_SR3,158,M3,blocked_statically,mower 'M3' already serving 'H4_SR3' at that hour,32,False,0,,,,,0,0.0,False,0,,False
six-hole-course,seed1,H4_FW,111,M5,not_determined,budget exhausted on the individual check,32,False,7,unknown,10.023047875001794,,,0,0.0,False,0,,False
six-hole-course,seed1,H4_FW,160,M3,blocked_statically,mower 'M3' already serving 'H4_SR3' at that hour,32,False,0,,,,,0,0.0,False,0,,False
six-hole-course,seed1,H4_FW,146,M5,blocked_statically,mower 'M5' already serving 'H2_SR1' at that hour,32,False,0,,,,,0,0.0,False,0,,False
six-hole-course,seed1,H4_SR3,49,M1,not_determined,budget exhausted on the individual check,32,False,3,unknown,10.023101666010916,,,0,0.0,False,0,,False
six-hole-course,seed1,H5_SR1,120,M2,blocked_statically,mower 'M2' already serving 'H5_SR2' at that hour,32,False,0,,,,,0,0.0,False,0,,False
six-hole-course,seed1,H5_SR3,60,M4,blocked_statically,mower 'M4' already serving 'H5_FW' at that hour,32,False,0,,,,,0,0.0,False,0,,False
six-hole-course,seed1,H5_SR3,104,M4,not_determined,budget exhausted on the individual check,32,False,11,unknown,10.02299258299172,,,0,0.0,False,0,,False
six-hole-course,seed1,H6_FW,68,M2,blocked_statically,mower 'M2' already serving 'H5_SR2' at that hour,32,False,0,,,,,0,0.0,False,0,,False
six-hole-course,seed1,H6_FW,95,M4,blocked_statically,mower 'M4' already serving 'H5_FW' at that hour,32,False,0,,,,,0,0.0,False,0,,False
six-hole-course,seed1,H6_FW,10,M2,blocked_statically,mower 'M2' already serving 'H5_SR2' at that hour,32,False,0,,,,,0,0.0,False,0,,False
six-hole-course,seed1,H6_FW,33,M4,blocked_statically,mower 'M4' already serving 'H5_FW' at that hour,32,False,0,,,,,0,0.0,False,0,,False
six-hole-course,seed1,H6_FW,41,M4,not_determined,budget exhausted on the individual check,32,False,10,unknown,10.024212707998231,,,0,0.0,False,0,,False
six-hole-course,seed1,H6_SR1,14,M4,not_determined,budget exhausted on the individual check,32,False,10,unknown,10.022780166007578,,,0,0.0,False,0,,False
six-hole-course,seed2,H1_FW,151,M3,not_determined,budget exhausted on the individual check,38,False,9,unknown,10.23185141698923,,,0,0.0,False,0,,False
six-hole-course,seed2,H1_FW,62,M3,blocked_statically,mower 'M3' already serving 'H4_SR1' at that hour,38,False,0,,,,,0,0.0,False,0,,False
six-hole-course,seed2,H1_FW,15,M3,not_determined,budget exhausted on the individual check,38,False,9,unknown,10.051200957997935,,,0,0.0,False,0,,False
six-hole-course,seed2,H1_FW,22,M5,blocked_statically,mower 'M5' already serving 'H3_SR3' at that hour,38,False,0,,,,,0,0.0,False,0,,False
six-hole-course,seed2,H2_FW,101,M3,blocked_statically,mower 'M3' already serving 'H4_FW' at that hour,38,False,0,,,,,0,0.0,False,0,,False
six-hole-course,seed2,H2_FW,7,M3,blocked_statically,mower 'M3' already serving 'H4_FW' at that hour,38,False,0,,,,,0,0.0,False,0,,False
six-hole-course,seed2,H3_FW,118,M3,blocked_statically,mower 'M3' already serving 'H4_SR3' at that hour,38,False,0,,,,,0,0.0,False,0,,False
six-hole-course,seed2,H3_FW,18,M3,not_determined,budget exhausted on the individual check,38,False,9,unknown,10.023823292023735,,,0,0.0,False,0,,False
six-hole-course,seed2,H3_FW,23,M3,not_determined,budget exhausted on the individual check,38,False,9,unknown,10.024577750009485,,,0,0.0,False,0,,False
six-hole-course,seed2,H3_SR2,132,M1,blocked_statically,mower 'M1' already serving 'H4_SR1' at that hour,38,False,0,,,,,0,0.0,False,0,,False
six-hole-course,seed2,H3_SR2,41,M1,not_determined,budget exhausted on the individual check,38,False,4,unknown,10.031113292003283,,,0,0.0,False,0,,False
six-hole-course,seed2,H4_FW,164,M5,not_determined,budget exhausted on the individual check,38,False,13,unknown,10.022679874993628,,,0,0.0,False,0,,False
six-hole-course,seed2,H5_FW,46,M4,not_determined,budget exhausted on the individual check,38,False,10,unknown,10.023178250005003,,,0,0.0,False,0,,False
six-hole-course,seed2,H5_FW,15,M4,not_determined,budget exhausted on the individual check,38,False,10,unknown,10.022688000026392,,,0,0.0,False,0,,False
six-hole-course,seed2,H5_SR1,36,M2,blocked_statically,mower 'M2' already serving 'H5_SR3' at that hour,38,False,0,,,,,0,0.0,False,0,,False
six-hole-course,seed2,H5_SR2,77,M2,blocked_statically,mower 'M2' already serving 'H5_SR3' at that hour,38,False,0,,,,,0,0.0,False,0,,False
six-hole-course,seed2,H6_FW,127,M4,not_determined,budget exhausted on the individual check,38,False,10,unknown,10.023530667007435,,,0,0.0,False,0,,False
six-hole-course,seed2,H6_FW,36,M4,not_determined,budget exhausted on the individual check,38,False,10,unknown,10.02580862501054,,,0,0.0,False,0,,False
six-hole-course,seed2,H6_FW,32,M2,blocked_statically,mower 'M2' already serving 'H5_SR3' at that hour,38,False,0,,,,,0,0.0,False,0,,False
six-hole-course,seed2,H6_FW,146,M2,blocked_statically,mower 'M2' already serving 'H5_SR1' at that hour,38,False,0,,,,,0,0.0,False,0,,False
six-hole-course,seed2,H6_FW,126,M4,not_determined,budget exhausted on the individual check,38,False,10,unknown,10.022276292002061,,,0,0.0,False,0,,False
six-hole-course,seed2,H6_SR1,51,M2,not_determined,budget exhausted on the individual check,38,False,7,unknown,10.028039875003742,,,0,0.0,False,0,,False
six-hole-course,seed2,H6_SR1,95,M2,blocked_statically,mower 'M2' already serving 'H6_SR1' at that hour,38,False,0,,,,,0,0.0,False,0,,False
